{
  "filtered": 0,
  "results": [
    {
      "name": "finished",
      "totalMs": 42.94999999999891,
      "runsCount": 100,
      "measuredRunsAvgMs": 0.4294999999999891,
      "measuredRunsMs": [2.183899999999994,2.160400000000209,0.34340000000020154,0.38040000000000873,0.33019999999987704,0.39229999999997744,0.3350999999997839,0.39259999999990214,0.33890000000019427,0.396900000000187,0.3661000000001877,0.3735999999998967,0.3365000000001146,0.391399999999976,0.389699999999948,0.5087999999998374,0.3956999999998061,0.4498000000000957,0.3423999999999978,0.5325000000000273,0.34390000000007603,0.3471999999999298,0.3509999999998854,0.3528999999998632,0.34159999999997126,0.3442000000000007,0.453499999999849,0.8410999999998694,0.3588999999999487,0.33829999999989013,0.34120000000029904,0.41229999999995925,0.46910000000002583,0.3386999999997897,0.4335000000000946,0.3544999999999163,0.39019999999982247,0.33950000000004366,0.34819999999990614,0.4493999999999687,0.3427000000001499,0.39390000000003056,0.3409999999998945,0.3686999999999898,0.34170000000017353,0.6050000000000182,0.6212000000000444,0.36850000000004,0.3950999999999567,0.3490999999999076,0.3490999999999076,0.42409999999995307,0.33809999999994034,0.5733000000000175,0.3428000000001248,0.34149999999999636,0.4614999999998872,0.34940000000005966,0.5427999999999429,0.37540000000012697,0.375,0.3405999999999949,0.4333999999998923,0.3631000000000313,0.5549999999998363,0.3308999999999287,0.3812000000000353,0.36740000000008877,0.3283999999998741,0.4838000000002012,0.3430999999998221,0.613800000000083,0.350400000000036,0.33809999999994034,0.3386999999997897,0.34359999999992397,0.3689999999999145,0.3404000000000451,0.36590000000001055,0.3392999999998665,0.4079999999999018,0.33809999999994034,0.39990000000011605,0.3285000000000764,0.37370000000009895,0.3432999999999993,0.3708999999998923,0.3589000000001761,0.4516999999998461,0.580199999999877,0.44810000000006767,0.33950000000004366,0.41210000000000946,0.3387000000000171,0.33720000000016626,0.3760000000002037,0.3445999999999003,0.4679999999998472,0.37039999999979045,0.3464000000001306]
    },
    {
      "name": "benchmark-start",
      "totalMs": 1.9790000000002692,
      "runsCount": 1,
      "measuredRunsAvgMs": 1.9790000000002692,
      "measuredRunsMs": [1.9790000000002692]
    },
    {
      "name": "multiple-runs",
      "totalMs": 7534.1828,
      "runsCount": 100,
      "measuredRunsAvgMs": 75.34182799999999,
      "measuredRunsMs": [74.73080000000004,82.97389999999996,73.89879999999994,73.05279999999993,71.49330000000009,78.04950000000008,72.7528000000002,77.10359999999991,74.48660000000018,74.05899999999974,75.71950000000015,75.9378999999999,79.91649999999981,75.6256000000003,78.07940000000008,73.25859999999966,73.64789999999994,73.83489999999983,71.1917999999996,73.66379999999981,76.5648000000001,76.62339999999995,77.10069999999996,80.13359999999966,76.65250000000015,75.37180000000035,81.29840000000013,81.29010000000062,71.91309999999976,73.50849999999991,76.23790000000008,72.54550000000017,76.79799999999977,73.80490000000009,71.83169999999973,75.32359999999971,76.5003999999999,75.37299999999959,78.49479999999949,78.09299999999985,76.2548999999999,72.46939999999995,76.55429999999978,73.19880000000012,77.48030000000017,74.83590000000004,71.63010000000031,73.56829999999991,72.55540000000019,79.71690000000035,74.18040000000019,74.79969999999958,75.58839999999964,74.70179999999982,74.63600000000042,75.99379999999928,75.35320000000047,73.91100000000006,76.06829999999991,77.57130000000052,71.71759999999995,76.46670000000086,73.08349999999973,75.36140000000069,73.95130000000063,73.56580000000031,72.85710000000017,74.13209999999981,74.94409999999971,73.17950000000019,73.41650000000027,70.47379999999976,74.94920000000002,80.3098,69.8121999999994,72.78079999999954,76.16159999999945,72.75410000000011,74.86470000000008,74.11390000000029,73.38289999999961,72.10059999999976,75.65459999999894,88.21039999999994,75.91660000000047,72.14120000000003,79.12910000000011,75.64069999999992,76.10610000000088,76.6180000000004,76.65399999999863,75.30389999999898,73.13900000000103,77.372800000001,74.6872000000003,74.3107,80.54730000000018,73.11759999999958,77.07690000000002,78.17259999999987]
    }
  ]
}